<?xml version="1.0" encoding="UTF-8"?>
<room>
  <game-table name="対戦テーブル" width="15" height="13" gridSize="50" imageIdentifier="715251840db4a04cd79d22953fb15140343541b93a2b75b0945b1b6d4534fcfb" backgroundImageIdentifier="imageIdentifier" backgroundFilterType="" selected="true" gridType="0" gridColor="#000000e6">
    <terrain isLocked="false" mode="3" rotate="0" location.name="table" location.x="775" location.y="275" posZ="0">
      <data name="terrain">
        <data name="image">
          <data type="image" name="imageIdentifier"></data>
          <data type="image" name="wall">./assets/images/tex.jpg</data>
          <data type="image" name="floor">4f250a9fb2f6296e42f7d5a9ec92b000a7042dfdf72d3295335b9c734563e006</data>
        </data>
        <data name="common">
          <data name="name">汗</data>
          <data name="width">1</data>
          <data name="height">0</data>
          <data name="depth">1</data>
        </data>
        <data name="detail"></data>
      </data>
    </terrain>
    <terrain isLocked="false" mode="3" rotate="0" location.name="table" location.x="775" location.y="325" posZ="0">
      <data name="terrain">
        <data name="image">
          <data type="image" name="imageIdentifier"></data>
          <data type="image" name="wall">./assets/images/tex.jpg</data>
          <data type="image" name="floor">a7f4b38ba7fc0a15b66fb7f4e9b69f63c712217ab655fc56834ddd15bed0a626</data>
        </data>
        <data name="common">
          <data name="name">汗</data>
          <data name="width">1</data>
          <data name="height">0</data>
          <data name="depth">1</data>
        </data>
        <data name="detail"></data>
      </data>
    </terrain>
    <terrain isLocked="false" mode="3" rotate="0" location.name="table" location.x="825" location.y="325" posZ="0">
      <data name="terrain">
        <data name="image">
          <data type="image" name="imageIdentifier"></data>
          <data type="image" name="wall">./assets/images/tex.jpg</data>
          <data type="image" name="floor">a7f4b38ba7fc0a15b66fb7f4e9b69f63c712217ab655fc56834ddd15bed0a626</data>
        </data>
        <data name="common">
          <data name="name">汗</data>
          <data name="width">1</data>
          <data name="height">0</data>
          <data name="depth">1</data>
        </data>
        <data name="detail"></data>
      </data>
    </terrain>
    <terrain isLocked="false" mode="3" rotate="0" location.name="table" location.x="875" location.y="325" posZ="0">
      <data name="terrain">
        <data name="image">
          <data type="image" name="imageIdentifier"></data>
          <data type="image" name="wall">./assets/images/tex.jpg</data>
          <data type="image" name="floor">a7f4b38ba7fc0a15b66fb7f4e9b69f63c712217ab655fc56834ddd15bed0a626</data>
        </data>
        <data name="common">
          <data name="name">汗</data>
          <data name="width">1</data>
          <data name="height">0</data>
          <data name="depth">1</data>
        </data>
        <data name="detail"></data>
      </data>
    </terrain>
    <terrain isLocked="false" mode="3" rotate="0" location.name="table" location.x="825" location.y="275" posZ="0">
      <data name="terrain">
        <data name="image">
          <data type="image" name="imageIdentifier"></data>
          <data type="image" name="wall">./assets/images/tex.jpg</data>
          <data type="image" name="floor">4f250a9fb2f6296e42f7d5a9ec92b000a7042dfdf72d3295335b9c734563e006</data>
        </data>
        <data name="common">
          <data name="name">汗</data>
          <data name="width">1</data>
          <data name="height">0</data>
          <data name="depth">1</data>
        </data>
        <data name="detail"></data>
      </data>
    </terrain>
    <terrain isLocked="false" mode="3" rotate="0" location.name="table" location.x="875" location.y="275" posZ="0">
      <data name="terrain">
        <data name="image">
          <data type="image" name="imageIdentifier"></data>
          <data type="image" name="wall">./assets/images/tex.jpg</data>
          <data type="image" name="floor">4f250a9fb2f6296e42f7d5a9ec92b000a7042dfdf72d3295335b9c734563e006</data>
        </data>
        <data name="common">
          <data name="name">汗</data>
          <data name="width">1</data>
          <data name="height">0</data>
          <data name="depth">1</data>
        </data>
        <data name="detail"></data>
      </data>
    </terrain>
    <terrain isLocked="false" mode="3" rotate="0" location.name="table" location.x="775" location.y="400" posZ="0">
      <data name="terrain">
        <data name="image">
          <data type="image" name="imageIdentifier"></data>
          <data type="image" name="wall">./assets/images/tex.jpg</data>
          <data type="image" name="floor">d681f22c930f5dc9d980dabd46928690a68c3341e7241ce3723e65e06ac886e0</data>
        </data>
        <data name="common">
          <data name="name">汗</data>
          <data name="width">1</data>
          <data name="height">0</data>
          <data name="depth">1</data>
        </data>
        <data name="detail"></data>
      </data>
    </terrain>
    <terrain isLocked="false" mode="3" rotate="0" location.name="table" location.x="825" location.y="400" posZ="0">
      <data name="terrain">
        <data name="image">
          <data type="image" name="imageIdentifier"></data>
          <data type="image" name="wall">./assets/images/tex.jpg</data>
          <data type="image" name="floor">f7d69b6e702c2b78b0eb3524db83ed23454421def65ae271758831214b23f87c</data>
        </data>
        <data name="common">
          <data name="name">汗</data>
          <data name="width">1</data>
          <data name="height">0</data>
          <data name="depth">1</data>
        </data>
        <data name="detail"></data>
      </data>
    </terrain>
    <terrain isLocked="false" mode="3" rotate="0" location.name="table" location.x="875" location.y="400" posZ="0">
      <data name="terrain">
        <data name="image">
          <data type="image" name="imageIdentifier"></data>
          <data type="image" name="wall">./assets/images/tex.jpg</data>
          <data type="image" name="floor">dd6b5e8b4f65c374e5352b441b0608c3e57f670bc2787170183cf96bd26169a5</data>
        </data>
        <data name="common">
          <data name="name">汗</data>
          <data name="width">1</data>
          <data name="height">0</data>
          <data name="depth">1</data>
        </data>
        <data name="detail"></data>
      </data>
    </terrain>
    <terrain isLocked="false" mode="3" rotate="0" location.name="table" location.x="775" location.y="450" posZ="0">
      <data name="terrain">
        <data name="image">
          <data type="image" name="imageIdentifier"></data>
          <data type="image" name="wall">./assets/images/tex.jpg</data>
          <data type="image" name="floor">d01fa61b2accad652fe139d41c3c66df34131b289fa87ac56f5b912e53fb195c</data>
        </data>
        <data name="common">
          <data name="name">汗</data>
          <data name="width">1</data>
          <data name="height">0</data>
          <data name="depth">1</data>
        </data>
        <data name="detail"></data>
      </data>
    </terrain>
    <terrain isLocked="false" mode="3" rotate="0" location.name="table" location.x="825" location.y="450" posZ="0">
      <data name="terrain">
        <data name="image">
          <data type="image" name="imageIdentifier"></data>
          <data type="image" name="wall">./assets/images/tex.jpg</data>
          <data type="image" name="floor">641ed3c3c679d42cfba9a2383770566c7f4e4f26f9b7af9e000768f91ca7bee5</data>
        </data>
        <data name="common">
          <data name="name">汗</data>
          <data name="width">1</data>
          <data name="height">0</data>
          <data name="depth">1</data>
        </data>
        <data name="detail"></data>
      </data>
    </terrain>
    <terrain isLocked="false" mode="3" rotate="0" location.name="table" location.x="875" location.y="450" posZ="0">
      <data name="terrain">
        <data name="image">
          <data type="image" name="imageIdentifier"></data>
          <data type="image" name="wall">./assets/images/tex.jpg</data>
          <data type="image" name="floor">50ac44c9365736a41561904ed870329fa172c61c793547ac61b76ddd2fa0d665</data>
        </data>
        <data name="common">
          <data name="name">汗</data>
          <data name="width">1</data>
          <data name="height">0</data>
          <data name="depth">1</data>
        </data>
        <data name="detail"></data>
      </data>
    </terrain>
  </game-table>
</room>