<?xml version="1.0" encoding="UTF-8"?>
<room>
  <game-table name="対戦テーブル" width="15" height="13" gridSize="50" imageIdentifier="715251840db4a04cd79d22953fb15140343541b93a2b75b0945b1b6d4534fcfb" backgroundImageIdentifier="imageIdentifier" backgroundFilterType="" selected="true" gridType="0" gridColor="#000000e6">
    <terrain isLocked="false" mode="3" rotate="0" location.name="table" location.x="775" location.y="250" posZ="0">
      <data name="terrain">
        <data name="image">
          <data type="image" name="imageIdentifier"></data>
          <data type="image" name="wall">e1f28aeaedec7e17cb935453afc97283a8f6e5add7c6ff38a35efdc2dd44e479</data>
          <data type="image" name="floor">4f250a9fb2f6296e42f7d5a9ec92b000a7042dfdf72d3295335b9c734563e006</data>
        </data>
        <data name="common">
          <data name="name">汗</data>
          <data name="width">1</data>
          <data name="height">0.1</data>
          <data name="depth">1</data>
        </data>
        <data name="detail"></data>
      </data>
    </terrain>
    <terrain isLocked="false" mode="3" rotate="0" location.name="table" location.x="775" location.y="375" posZ="0">
      <data name="terrain">
        <data name="image">
          <data type="image" name="imageIdentifier"></data>
          <data type="image" name="wall">e1f28aeaedec7e17cb935453afc97283a8f6e5add7c6ff38a35efdc2dd44e479</data>
          <data type="image" name="floor">9eed27f571b78d37ff13e44db414c0a092ed1440073f4cacd6ac54ea0ff29f82</data>
        </data>
        <data name="common">
          <data name="name">アイコン1</data>
          <data name="width">1</data>
          <data name="height">0.1</data>
          <data name="depth">1</data>
        </data>
        <data name="detail"></data>
      </data>
    </terrain>
    <terrain isLocked="false" mode="3" rotate="0" location.name="table" location.x="825" location.y="375" posZ="0">
      <data name="terrain">
        <data name="image">
          <data type="image" name="imageIdentifier"></data>
          <data type="image" name="wall">e1f28aeaedec7e17cb935453afc97283a8f6e5add7c6ff38a35efdc2dd44e479</data>
          <data type="image" name="floor">e4b16ce0c9b6435a1941eaa3712166e2544084db78beeba259f5240807472e37</data>
        </data>
        <data name="common">
          <data name="name">アイコン2</data>
          <data name="width">1</data>
          <data name="height">0.1</data>
          <data name="depth">1</data>
        </data>
        <data name="detail"></data>
      </data>
    </terrain>
    <terrain isLocked="false" mode="3" rotate="0" location.name="table" location.x="875" location.y="375" posZ="0">
      <data name="terrain">
        <data name="image">
          <data type="image" name="imageIdentifier"></data>
          <data type="image" name="wall">e1f28aeaedec7e17cb935453afc97283a8f6e5add7c6ff38a35efdc2dd44e479</data>
          <data type="image" name="floor">9bb130093c6ed8f2f00f6882951a62850124674e8db166d9270595785885d82c</data>
        </data>
        <data name="common">
          <data name="name">アイコン3</data>
          <data name="width">1</data>
          <data name="height">0.1</data>
          <data name="depth">1</data>
        </data>
        <data name="detail"></data>
      </data>
    </terrain>
    <terrain isLocked="false" mode="3" rotate="0" location.name="table" location.x="825" location.y="425" posZ="0">
      <data name="terrain">
        <data name="image">
          <data type="image" name="imageIdentifier"></data>
          <data type="image" name="wall">e1f28aeaedec7e17cb935453afc97283a8f6e5add7c6ff38a35efdc2dd44e479</data>
          <data type="image" name="floor">27da5d05313bbd002ef0e94bb421590c4bf14909ec68a9bec17c5537574287c9</data>
        </data>
        <data name="common">
          <data name="name">アイコン5</data>
          <data name="width">1</data>
          <data name="height">0.1</data>
          <data name="depth">1</data>
        </data>
        <data name="detail"></data>
      </data>
    </terrain>
    <terrain isLocked="false" mode="3" rotate="0" location.name="table" location.x="775" location.y="425" posZ="0">
      <data name="terrain">
        <data name="image">
          <data type="image" name="imageIdentifier"></data>
          <data type="image" name="wall">e1f28aeaedec7e17cb935453afc97283a8f6e5add7c6ff38a35efdc2dd44e479</data>
          <data type="image" name="floor">4d237b7e6a9bd9eaf720b87479e418507e1184a6ea0cb5f56135119a99b513f8</data>
        </data>
        <data name="common">
          <data name="name">アイコン4</data>
          <data name="width">1</data>
          <data name="height">0.1</data>
          <data name="depth">1</data>
        </data>
        <data name="detail"></data>
      </data>
    </terrain>
    <terrain isLocked="false" mode="3" rotate="0" location.name="table" location.x="875" location.y="425" posZ="0">
      <data name="terrain">
        <data name="image">
          <data type="image" name="imageIdentifier"></data>
          <data type="image" name="wall">e1f28aeaedec7e17cb935453afc97283a8f6e5add7c6ff38a35efdc2dd44e479</data>
          <data type="image" name="floor">e0d13d483f155131f52216c9706763ac019c57b3f0212a0b9d21e7e94531794a</data>
        </data>
        <data name="common">
          <data name="name">アイコン6</data>
          <data name="width">1</data>
          <data name="height">0.1</data>
          <data name="depth">1</data>
        </data>
        <data name="detail"></data>
      </data>
    </terrain>
    <terrain isLocked="false" mode="3" rotate="0" location.name="table" location.x="775" location.y="175" posZ="0">
      <data name="terrain">
        <data name="image">
          <data type="image" name="imageIdentifier"></data>
          <data type="image" name="wall">e1f28aeaedec7e17cb935453afc97283a8f6e5add7c6ff38a35efdc2dd44e479</data>
          <data type="image" name="floor">a7f4b38ba7fc0a15b66fb7f4e9b69f63c712217ab655fc56834ddd15bed0a626</data>
        </data>
        <data name="common">
          <data name="name">ダメージ</data>
          <data name="width">1</data>
          <data name="height">0.1</data>
          <data name="depth">1</data>
        </data>
        <data name="detail"></data>
      </data>
    </terrain>
    <terrain isLocked="false" mode="3" rotate="0" location.name="table" location.x="825" location.y="300" posZ="0">
      <data name="terrain">
        <data name="image">
          <data type="image" name="imageIdentifier"></data>
          <data type="image" name="wall">e1f28aeaedec7e17cb935453afc97283a8f6e5add7c6ff38a35efdc2dd44e479</data>
          <data type="image" name="floor">ff6228a1db0cecf0b2aadb722ff25b736eefee49221fb3a17d3899b0854eb593</data>
        </data>
        <data name="common">
          <data name="name">幽霊</data>
          <data name="width">1</data>
          <data name="height">0.1</data>
          <data name="depth">1</data>
        </data>
        <data name="detail"></data>
      </data>
    </terrain>
    <terrain isLocked="false" mode="3" rotate="0" location.name="table" location.x="775" location.y="300" posZ="0">
      <data name="terrain">
        <data name="image">
          <data type="image" name="imageIdentifier"></data>
          <data type="image" name="wall">e1f28aeaedec7e17cb935453afc97283a8f6e5add7c6ff38a35efdc2dd44e479</data>
          <data type="image" name="floor">f5d701c2bb1738ca5fd21d6288e4e932a04e9666586be98f1eb020fe49a664bb</data>
        </data>
        <data name="common">
          <data name="name">弓矢</data>
          <data name="width">1</data>
          <data name="height">0.1</data>
          <data name="depth">1</data>
        </data>
        <data name="detail"></data>
      </data>
    </terrain>
    <terrain isLocked="false" mode="3" rotate="0" location.name="table" location.x="825" location.y="250" posZ="0">
      <data name="terrain">
        <data name="image">
          <data type="image" name="imageIdentifier"></data>
          <data type="image" name="wall">e1f28aeaedec7e17cb935453afc97283a8f6e5add7c6ff38a35efdc2dd44e479</data>
          <data type="image" name="floor">e202d8097dfc5333d06e48e303ea0fdb2f1be65333308c983711d7fc0280fff9</data>
        </data>
        <data name="common">
          <data name="name">ダッシュ</data>
          <data name="width">1</data>
          <data name="height">0.1</data>
          <data name="depth">1</data>
        </data>
        <data name="detail"></data>
      </data>
    </terrain>
    <terrain isLocked="false" mode="3" rotate="0" location.name="table" location.x="825" location.y="175" posZ="0">
      <data name="terrain">
        <data name="image">
          <data type="image" name="imageIdentifier"></data>
          <data type="image" name="wall">e1f28aeaedec7e17cb935453afc97283a8f6e5add7c6ff38a35efdc2dd44e479</data>
          <data type="image" name="floor">a7f4b38ba7fc0a15b66fb7f4e9b69f63c712217ab655fc56834ddd15bed0a626</data>
        </data>
        <data name="common">
          <data name="name">ダメージ</data>
          <data name="width">1</data>
          <data name="height">0.1</data>
          <data name="depth">1</data>
        </data>
        <data name="detail"></data>
      </data>
    </terrain>
    <terrain isLocked="false" mode="3" rotate="0" location.name="table" location.x="875" location.y="175" posZ="0">
      <data name="terrain">
        <data name="image">
          <data type="image" name="imageIdentifier"></data>
          <data type="image" name="wall">e1f28aeaedec7e17cb935453afc97283a8f6e5add7c6ff38a35efdc2dd44e479</data>
          <data type="image" name="floor">a7f4b38ba7fc0a15b66fb7f4e9b69f63c712217ab655fc56834ddd15bed0a626</data>
        </data>
        <data name="common">
          <data name="name">ダメージ</data>
          <data name="width">1</data>
          <data name="height">0.1</data>
          <data name="depth">1</data>
        </data>
        <data name="detail"></data>
      </data>
    </terrain>
  </game-table>
</room>