<?xml version="1.0" encoding="UTF-8"?><card-stack location.name="table" location.x="0" location.y="0" posZ="0" rotate="0" zindex="0" owner="" isShowTotal="true"><data name="card-stack"><data name="image"><data type="image" name="imageIdentifier"></data></data><data name="common"><data name="name">はじめての赤</data></data><data name="detail"></data></data><node name="cardRoot"><card location.name="table" location.x="0" location.y="0" posZ="0" state="0" rotate="0" owner="" zindex="0"><data name="card"><data name="image"><data type="image" name="imageIdentifier"></data><data type="image" name="front">b2621c03ac4be3c049714776d9b478f416f7bf3bda27c7419fa6f95fbd1202a7</data><data type="image" name="back">d666ac27eaca4f938cf3a9d331a7209c1fff79709c68fc74d1360d0806f036a4</data></data><data name="common"><data name="name">燃え尽き男</data><data name="size">2</data></data><data name="detail"></data></data></card><card location.name="table" location.x="0" location.y="0" posZ="0" state="0" rotate="0" owner="" zindex="0"><data name="card"><data name="image"><data type="image" name="imageIdentifier"></data><data type="image" name="front">b2621c03ac4be3c049714776d9b478f416f7bf3bda27c7419fa6f95fbd1202a7</data><data type="image" name="back">d666ac27eaca4f938cf3a9d331a7209c1fff79709c68fc74d1360d0806f036a4</data></data><data name="common"><data name="name">燃え尽き男</data><data name="size">2</data></data><data name="detail"></data></data></card><card location.name="table" location.x="0" location.y="0" posZ="0" state="0" rotate="0" owner="" zindex="0"><data name="card"><data name="image"><data type="image" name="imageIdentifier"></data><data type="image" name="front">b2621c03ac4be3c049714776d9b478f416f7bf3bda27c7419fa6f95fbd1202a7</data><data type="image" name="back">d666ac27eaca4f938cf3a9d331a7209c1fff79709c68fc74d1360d0806f036a4</data></data><data name="common"><data name="name">燃え尽き男</data><data name="size">2</data></data><data name="detail"></data></data></card><card location.name="table" location.x="0" location.y="0" posZ="0" state="0" rotate="0" owner="" zindex="0"><data name="card"><data name="image"><data type="image" name="imageIdentifier"></data><data type="image" name="front">be7ad20eed7ce3fd95e58e000b893e9d00bdc36b099caf34dcee1409e29468b2</data><data type="image" name="back">d666ac27eaca4f938cf3a9d331a7209c1fff79709c68fc74d1360d0806f036a4</data></data><data name="common"><data name="name">サバイバルトカゲ</data><data name="size">2</data></data><data name="detail"></data></data></card><card location.name="table" location.x="0" location.y="0" posZ="0" state="0" rotate="0" owner="" zindex="0"><data name="card"><data name="image"><data type="image" name="imageIdentifier"></data><data type="image" name="front">be7ad20eed7ce3fd95e58e000b893e9d00bdc36b099caf34dcee1409e29468b2</data><data type="image" name="back">d666ac27eaca4f938cf3a9d331a7209c1fff79709c68fc74d1360d0806f036a4</data></data><data name="common"><data name="name">サバイバルトカゲ</data><data name="size">2</data></data><data name="detail"></data></data></card><card location.name="table" location.x="0" location.y="0" posZ="0" state="0" rotate="0" owner="" zindex="0"><data name="card"><data name="image"><data type="image" name="imageIdentifier"></data><data type="image" name="front">be7ad20eed7ce3fd95e58e000b893e9d00bdc36b099caf34dcee1409e29468b2</data><data type="image" name="back">d666ac27eaca4f938cf3a9d331a7209c1fff79709c68fc74d1360d0806f036a4</data></data><data name="common"><data name="name">サバイバルトカゲ</data><data name="size">2</data></data><data name="detail"></data></data></card><card location.name="table" location.x="0" location.y="0" posZ="0" state="0" rotate="0" owner="" zindex="0"><data name="card"><data name="image"><data type="image" name="imageIdentifier"></data><data type="image" name="front">be7ad20eed7ce3fd95e58e000b893e9d00bdc36b099caf34dcee1409e29468b2</data><data type="image" name="back">d666ac27eaca4f938cf3a9d331a7209c1fff79709c68fc74d1360d0806f036a4</data></data><data name="common"><data name="name">サバイバルトカゲ</data><data name="size">2</data></data><data name="detail"></data></data></card><card location.name="table" location.x="0" location.y="0" posZ="0" state="0" rotate="0" owner="" zindex="0"><data name="card"><data name="image"><data type="image" name="imageIdentifier"></data><data type="image" name="front">1c2512d6329d125cbcfcba9d4a53086679b6fc03b2c79b3a74626a4301f41804</data><data type="image" name="back">d666ac27eaca4f938cf3a9d331a7209c1fff79709c68fc74d1360d0806f036a4</data></data><data name="common"><data name="name">ドラゴンスレイヤー</data><data name="size">2</data></data><data name="detail"></data></data></card><card location.name="table" location.x="0" location.y="0" posZ="0" state="0" rotate="0" owner="" zindex="0"><data name="card"><data name="image"><data type="image" name="imageIdentifier"></data><data type="image" name="front">1c2512d6329d125cbcfcba9d4a53086679b6fc03b2c79b3a74626a4301f41804</data><data type="image" name="back">d666ac27eaca4f938cf3a9d331a7209c1fff79709c68fc74d1360d0806f036a4</data></data><data name="common"><data name="name">ドラゴンスレイヤー</data><data name="size">2</data></data><data name="detail"></data></data></card><card location.name="table" location.x="0" location.y="0" posZ="0" state="0" rotate="0" owner="" zindex="0"><data name="card"><data name="image"><data type="image" name="imageIdentifier"></data><data type="image" name="front">28e7567a43798621397268d4de6e0316c8c03ae6614cbfe7d4cc9217ff5e21bb</data><data type="image" name="back">d666ac27eaca4f938cf3a9d331a7209c1fff79709c68fc74d1360d0806f036a4</data></data><data name="common"><data name="name">音速男</data><data name="size">2</data></data><data name="detail"></data></data></card><card location.name="table" location.x="0" location.y="0" posZ="0" state="0" rotate="0" owner="" zindex="0"><data name="card"><data name="image"><data type="image" name="imageIdentifier"></data><data type="image" name="front">28e7567a43798621397268d4de6e0316c8c03ae6614cbfe7d4cc9217ff5e21bb</data><data type="image" name="back">d666ac27eaca4f938cf3a9d331a7209c1fff79709c68fc74d1360d0806f036a4</data></data><data name="common"><data name="name">音速男</data><data name="size">2</data></data><data name="detail"></data></data></card><card location.name="table" location.x="0" location.y="0" posZ="0" state="0" rotate="0" owner="" zindex="0"><data name="card"><data name="image"><data type="image" name="imageIdentifier"></data><data type="image" name="front">70f54c364f3ff61e5f03b9be95202b035a3d0dd00ca30327295d12d6caa241ed</data><data type="image" name="back">d666ac27eaca4f938cf3a9d331a7209c1fff79709c68fc74d1360d0806f036a4</data></data><data name="common"><data name="name">機械魔龍・ダムドリロンド</data><data name="size">2</data></data><data name="detail"></data></data></card><card location.name="table" location.x="0" location.y="0" posZ="0" state="0" rotate="0" owner="" zindex="0"><data name="card"><data name="image"><data type="image" name="imageIdentifier"></data><data type="image" name="front">70f54c364f3ff61e5f03b9be95202b035a3d0dd00ca30327295d12d6caa241ed</data><data type="image" name="back">d666ac27eaca4f938cf3a9d331a7209c1fff79709c68fc74d1360d0806f036a4</data></data><data name="common"><data name="name">機械魔龍・ダムドリロンド</data><data name="size">2</data></data><data name="detail"></data></data></card><card location.name="table" location.x="0" location.y="0" posZ="0" state="0" rotate="0" owner="" zindex="0"><data name="card"><data name="image"><data type="image" name="imageIdentifier"></data><data type="image" name="front">c869315fabd75d69a253cafc02c723dc340a4ec760a40de20004a3a9108d2457</data><data type="image" name="back">d666ac27eaca4f938cf3a9d331a7209c1fff79709c68fc74d1360d0806f036a4</data></data><data name="common"><data name="name">恒温熱龍・ザバスバルガス</data><data name="size">2</data></data><data name="detail"></data></data></card><card location.name="table" location.x="0" location.y="0" posZ="0" state="0" rotate="0" owner="" zindex="0"><data name="card"><data name="image"><data type="image" name="imageIdentifier"></data><data type="image" name="front">f7a344e65883e6dfe118b88774a983afc66552b299b2e9555c9c8dac96335f22</data><data type="image" name="back">d666ac27eaca4f938cf3a9d331a7209c1fff79709c68fc74d1360d0806f036a4</data></data><data name="common"><data name="name">衝撃</data><data name="size">2</data></data><data name="detail"></data></data></card><card location.name="table" location.x="0" location.y="0" posZ="0" state="0" rotate="0" owner="" zindex="0"><data name="card"><data name="image"><data type="image" name="imageIdentifier"></data><data type="image" name="front">f7a344e65883e6dfe118b88774a983afc66552b299b2e9555c9c8dac96335f22</data><data type="image" name="back">d666ac27eaca4f938cf3a9d331a7209c1fff79709c68fc74d1360d0806f036a4</data></data><data name="common"><data name="name">衝撃</data><data name="size">2</data></data><data name="detail"></data></data></card><card location.name="table" location.x="0" location.y="0" posZ="0" state="0" rotate="0" owner="" zindex="0"><data name="card"><data name="image"><data type="image" name="imageIdentifier"></data><data type="image" name="front">f7a344e65883e6dfe118b88774a983afc66552b299b2e9555c9c8dac96335f22</data><data type="image" name="back">d666ac27eaca4f938cf3a9d331a7209c1fff79709c68fc74d1360d0806f036a4</data></data><data name="common"><data name="name">衝撃</data><data name="size">2</data></data><data name="detail"></data></data></card><card location.name="table" location.x="0" location.y="0" posZ="0" state="0" rotate="0" owner="" zindex="0"><data name="card"><data name="image"><data type="image" name="imageIdentifier"></data><data type="image" name="front">a75676c23ad6570eb034aa2c15a95b4b6b053a86bc975bef66a0d036eb10e4da</data><data type="image" name="back">d666ac27eaca4f938cf3a9d331a7209c1fff79709c68fc74d1360d0806f036a4</data></data><data name="common"><data name="name">不意打ち</data><data name="size">2</data></data><data name="detail"></data></data></card><card location.name="table" location.x="0" location.y="0" posZ="0" state="0" rotate="0" owner="" zindex="0"><data name="card"><data name="image"><data type="image" name="imageIdentifier"></data><data type="image" name="front">a75676c23ad6570eb034aa2c15a95b4b6b053a86bc975bef66a0d036eb10e4da</data><data type="image" name="back">d666ac27eaca4f938cf3a9d331a7209c1fff79709c68fc74d1360d0806f036a4</data></data><data name="common"><data name="name">不意打ち</data><data name="size">2</data></data><data name="detail"></data></data></card><card location.name="table" location.x="0" location.y="0" posZ="0" state="0" rotate="0" owner="" zindex="0"><data name="card"><data name="image"><data type="image" name="imageIdentifier"></data><data type="image" name="front">a75676c23ad6570eb034aa2c15a95b4b6b053a86bc975bef66a0d036eb10e4da</data><data type="image" name="back">d666ac27eaca4f938cf3a9d331a7209c1fff79709c68fc74d1360d0806f036a4</data></data><data name="common"><data name="name">不意打ち</data><data name="size">2</data></data><data name="detail"></data></data></card><card location.name="table" location.x="0" location.y="0" posZ="0" state="0" rotate="0" owner="" zindex="0"><data name="card"><data name="image"><data type="image" name="imageIdentifier"></data><data type="image" name="front">a75676c23ad6570eb034aa2c15a95b4b6b053a86bc975bef66a0d036eb10e4da</data><data type="image" name="back">d666ac27eaca4f938cf3a9d331a7209c1fff79709c68fc74d1360d0806f036a4</data></data><data name="common"><data name="name">不意打ち</data><data name="size">2</data></data><data name="detail"></data></data></card><card location.name="table" location.x="0" location.y="0" posZ="0" state="0" rotate="0" owner="" zindex="0"><data name="card"><data name="image"><data type="image" name="imageIdentifier"></data><data type="image" name="front">b656c8a6cdce0a83352687b5f3083a73bc28ca18ba1e534c1616bb27d24234bd</data><data type="image" name="back">d666ac27eaca4f938cf3a9d331a7209c1fff79709c68fc74d1360d0806f036a4</data></data><data name="common"><data name="name">火事場泥棒</data><data name="size">2</data></data><data name="detail"></data></data></card><card location.name="table" location.x="0" location.y="0" posZ="0" state="0" rotate="0" owner="" zindex="0"><data name="card"><data name="image"><data type="image" name="imageIdentifier"></data><data type="image" name="front">b656c8a6cdce0a83352687b5f3083a73bc28ca18ba1e534c1616bb27d24234bd</data><data type="image" name="back">d666ac27eaca4f938cf3a9d331a7209c1fff79709c68fc74d1360d0806f036a4</data></data><data name="common"><data name="name">火事場泥棒</data><data name="size">2</data></data><data name="detail"></data></data></card><card location.name="table" location.x="0" location.y="0" posZ="0" state="0" rotate="0" owner="" zindex="0"><data name="card"><data name="image"><data type="image" name="imageIdentifier"></data><data type="image" name="front">b656c8a6cdce0a83352687b5f3083a73bc28ca18ba1e534c1616bb27d24234bd</data><data type="image" name="back">d666ac27eaca4f938cf3a9d331a7209c1fff79709c68fc74d1360d0806f036a4</data></data><data name="common"><data name="name">火事場泥棒</data><data name="size">2</data></data><data name="detail"></data></data></card><card location.name="table" location.x="0" location.y="0" posZ="0" state="0" rotate="0" owner="" zindex="0"><data name="card"><data name="image"><data type="image" name="imageIdentifier"></data><data type="image" name="front">0048de2d04a6290e6a87d236f30856e45f3d450d1bd7759b889ee29bbac2678f</data><data type="image" name="back">d666ac27eaca4f938cf3a9d331a7209c1fff79709c68fc74d1360d0806f036a4</data></data><data name="common"><data name="name">最後通告</data><data name="size">2</data></data><data name="detail"></data></data></card><card location.name="table" location.x="0" location.y="0" posZ="0" state="0" rotate="0" owner="" zindex="0"><data name="card"><data name="image"><data type="image" name="imageIdentifier"></data><data type="image" name="front">7fc78d5fffaaec4e28fec922351beef0d310428d35888522f623c0cb5ffc7408</data><data type="image" name="back">d666ac27eaca4f938cf3a9d331a7209c1fff79709c68fc74d1360d0806f036a4</data></data><data name="common"><data name="name">ランドスケーパー</data><data name="size">2</data></data><data name="detail"></data></data></card><card location.name="table" location.x="0" location.y="0" posZ="0" state="0" rotate="0" owner="" zindex="0"><data name="card"><data name="image"><data type="image" name="imageIdentifier"></data><data type="image" name="front">7fc78d5fffaaec4e28fec922351beef0d310428d35888522f623c0cb5ffc7408</data><data type="image" name="back">d666ac27eaca4f938cf3a9d331a7209c1fff79709c68fc74d1360d0806f036a4</data></data><data name="common"><data name="name">ランドスケーパー</data><data name="size">2</data></data><data name="detail"></data></data></card><card location.name="table" location.x="0" location.y="0" posZ="0" state="0" rotate="0" owner="" zindex="0"><data name="card"><data name="image"><data type="image" name="imageIdentifier"></data><data type="image" name="front">7fc78d5fffaaec4e28fec922351beef0d310428d35888522f623c0cb5ffc7408</data><data type="image" name="back">d666ac27eaca4f938cf3a9d331a7209c1fff79709c68fc74d1360d0806f036a4</data></data><data name="common"><data name="name">ランドスケーパー</data><data name="size">2</data></data><data name="detail"></data></data></card><card location.name="table" location.x="0" location.y="0" posZ="0" state="0" rotate="0" owner="" zindex="0"><data name="card"><data name="image"><data type="image" name="imageIdentifier"></data><data type="image" name="front">eb855c28948a774c590625865ba2f578a5c79f289edde3a6cd9f9ce750d4132b</data><data type="image" name="back">d666ac27eaca4f938cf3a9d331a7209c1fff79709c68fc74d1360d0806f036a4</data></data><data name="common"><data name="name">加速装置</data><data name="size">2</data></data><data name="detail"></data></data></card><card location.name="table" location.x="0" location.y="0" posZ="0" state="0" rotate="0" owner="" zindex="0"><data name="card"><data name="image"><data type="image" name="imageIdentifier"></data><data type="image" name="front">eb855c28948a774c590625865ba2f578a5c79f289edde3a6cd9f9ce750d4132b</data><data type="image" name="back">d666ac27eaca4f938cf3a9d331a7209c1fff79709c68fc74d1360d0806f036a4</data></data><data name="common"><data name="name">加速装置</data><data name="size">2</data></data><data name="detail"></data></data></card></node></card-stack>