<?xml version="1.0" encoding="UTF-8"?><card-stack location.name="table" location.x="0" location.y="0" posZ="0" rotate="0" zindex="0" owner="" isShowTotal="true"><data name="card-stack"><data name="image"><data type="image" name="imageIdentifier"></data></data><data name="common"><data name="name">はじめての緑</data></data><data name="detail"></data></data><node name="cardRoot"><card location.name="table" location.x="0" location.y="0" posZ="0" state="0" rotate="0" owner="" zindex="0"><data name="card"><data name="image"><data type="image" name="imageIdentifier"></data><data type="image" name="front">b3d103ed354eafa11eb1d600097e50dcd7722dbcbb0e61a862ae53a453999126</data><data type="image" name="back">d666ac27eaca4f938cf3a9d331a7209c1fff79709c68fc74d1360d0806f036a4</data></data><data name="common"><data name="name">モーラット</data><data name="size">2</data></data><data name="detail"></data></data></card><card location.name="table" location.x="0" location.y="0" posZ="0" state="0" rotate="0" owner="" zindex="0"><data name="card"><data name="image"><data type="image" name="imageIdentifier"></data><data type="image" name="front">b3d103ed354eafa11eb1d600097e50dcd7722dbcbb0e61a862ae53a453999126</data><data type="image" name="back">d666ac27eaca4f938cf3a9d331a7209c1fff79709c68fc74d1360d0806f036a4</data></data><data name="common"><data name="name">モーラット</data><data name="size">2</data></data><data name="detail"></data></data></card><card location.name="table" location.x="0" location.y="0" posZ="0" state="0" rotate="0" owner="" zindex="0"><data name="card"><data name="image"><data type="image" name="imageIdentifier"></data><data type="image" name="front">b3d103ed354eafa11eb1d600097e50dcd7722dbcbb0e61a862ae53a453999126</data><data type="image" name="back">d666ac27eaca4f938cf3a9d331a7209c1fff79709c68fc74d1360d0806f036a4</data></data><data name="common"><data name="name">モーラット</data><data name="size">2</data></data><data name="detail"></data></data></card><card location.name="table" location.x="0" location.y="0" posZ="0" state="0" rotate="0" owner="" zindex="0"><data name="card"><data name="image"><data type="image" name="imageIdentifier"></data><data type="image" name="front">cf10396ebe40a61b9316f1838d0e6772e241c65faf4bc13c6784fdad528f2013</data><data type="image" name="back">d666ac27eaca4f938cf3a9d331a7209c1fff79709c68fc74d1360d0806f036a4</data></data><data name="common"><data name="name">スイープスイーパー</data><data name="size">2</data></data><data name="detail"></data></data></card><card location.name="table" location.x="0" location.y="0" posZ="0" state="0" rotate="0" owner="" zindex="0"><data name="card"><data name="image"><data type="image" name="imageIdentifier"></data><data type="image" name="front">cf10396ebe40a61b9316f1838d0e6772e241c65faf4bc13c6784fdad528f2013</data><data type="image" name="back">d666ac27eaca4f938cf3a9d331a7209c1fff79709c68fc74d1360d0806f036a4</data></data><data name="common"><data name="name">スイープスイーパー</data><data name="size">2</data></data><data name="detail"></data></data></card><card location.name="table" location.x="0" location.y="0" posZ="0" state="0" rotate="0" owner="" zindex="0"><data name="card"><data name="image"><data type="image" name="imageIdentifier"></data><data type="image" name="front">cf10396ebe40a61b9316f1838d0e6772e241c65faf4bc13c6784fdad528f2013</data><data type="image" name="back">d666ac27eaca4f938cf3a9d331a7209c1fff79709c68fc74d1360d0806f036a4</data></data><data name="common"><data name="name">スイープスイーパー</data><data name="size">2</data></data><data name="detail"></data></data></card><card location.name="table" location.x="0" location.y="0" posZ="0" state="0" rotate="0" owner="" zindex="0"><data name="card"><data name="image"><data type="image" name="imageIdentifier"></data><data type="image" name="front">4689d85e7311145b71dff62fce31cb0fbe4075669614650002ba7ba879345de8</data><data type="image" name="back">d666ac27eaca4f938cf3a9d331a7209c1fff79709c68fc74d1360d0806f036a4</data></data><data name="common"><data name="name">雑草虫</data><data name="size">2</data></data><data name="detail"></data></data></card><card location.name="table" location.x="0" location.y="0" posZ="0" state="0" rotate="0" owner="" zindex="0"><data name="card"><data name="image"><data type="image" name="imageIdentifier"></data><data type="image" name="front">4689d85e7311145b71dff62fce31cb0fbe4075669614650002ba7ba879345de8</data><data type="image" name="back">d666ac27eaca4f938cf3a9d331a7209c1fff79709c68fc74d1360d0806f036a4</data></data><data name="common"><data name="name">雑草虫</data><data name="size">2</data></data><data name="detail"></data></data></card><card location.name="table" location.x="0" location.y="0" posZ="0" state="0" rotate="0" owner="" zindex="0"><data name="card"><data name="image"><data type="image" name="imageIdentifier"></data><data type="image" name="front">4689d85e7311145b71dff62fce31cb0fbe4075669614650002ba7ba879345de8</data><data type="image" name="back">d666ac27eaca4f938cf3a9d331a7209c1fff79709c68fc74d1360d0806f036a4</data></data><data name="common"><data name="name">雑草虫</data><data name="size">2</data></data><data name="detail"></data></data></card><card location.name="table" location.x="0" location.y="0" posZ="0" state="0" rotate="0" owner="" zindex="0"><data name="card"><data name="image"><data type="image" name="imageIdentifier"></data><data type="image" name="front">fdf80ac2a4555fe9383f3f055c60744e65287d6f5155f70066054e13c89803ad</data><data type="image" name="back">d666ac27eaca4f938cf3a9d331a7209c1fff79709c68fc74d1360d0806f036a4</data></data><data name="common"><data name="name">ミノタウロス</data><data name="size">2</data></data><data name="detail"></data></data></card><card location.name="table" location.x="0" location.y="0" posZ="0" state="0" rotate="0" owner="" zindex="0"><data name="card"><data name="image"><data type="image" name="imageIdentifier"></data><data type="image" name="front">fdf80ac2a4555fe9383f3f055c60744e65287d6f5155f70066054e13c89803ad</data><data type="image" name="back">d666ac27eaca4f938cf3a9d331a7209c1fff79709c68fc74d1360d0806f036a4</data></data><data name="common"><data name="name">ミノタウロス</data><data name="size">2</data></data><data name="detail"></data></data></card><card location.name="table" location.x="0" location.y="0" posZ="0" state="0" rotate="0" owner="" zindex="0"><data name="card"><data name="image"><data type="image" name="imageIdentifier"></data><data type="image" name="front">8eba0d68daf01063bfa7da418613658e8fd8d1f7cad0817935a5c1cbbb259ab0</data><data type="image" name="back">d666ac27eaca4f938cf3a9d331a7209c1fff79709c68fc74d1360d0806f036a4</data></data><data name="common"><data name="name">シードスターター</data><data name="size">2</data></data><data name="detail"></data></data></card><card location.name="table" location.x="0" location.y="0" posZ="0" state="0" rotate="0" owner="" zindex="0"><data name="card"><data name="image"><data type="image" name="imageIdentifier"></data><data type="image" name="front">9585e0d576850cdc04f6d2cb6b319611347e5a53d7647cb388d320a636f89731</data><data type="image" name="back">d666ac27eaca4f938cf3a9d331a7209c1fff79709c68fc74d1360d0806f036a4</data></data><data name="common"><data name="name">巨獣王・ドガレオン</data><data name="size">2</data></data><data name="detail"></data></data></card><card location.name="table" location.x="0" location.y="0" posZ="0" state="0" rotate="0" owner="" zindex="0"><data name="card"><data name="image"><data type="image" name="imageIdentifier"></data><data type="image" name="front">9585e0d576850cdc04f6d2cb6b319611347e5a53d7647cb388d320a636f89731</data><data type="image" name="back">d666ac27eaca4f938cf3a9d331a7209c1fff79709c68fc74d1360d0806f036a4</data></data><data name="common"><data name="name">巨獣王・ドガレオン</data><data name="size">2</data></data><data name="detail"></data></data></card><card location.name="table" location.x="0" location.y="0" posZ="0" state="0" rotate="0" owner="" zindex="0"><data name="card"><data name="image"><data type="image" name="imageIdentifier"></data><data type="image" name="front">050757456c55383a5cf7818c02874ad79b3f2e17c185db0135700edfd4aa74d7</data><data type="image" name="back">d666ac27eaca4f938cf3a9d331a7209c1fff79709c68fc74d1360d0806f036a4</data></data><data name="common"><data name="name">錆王・バルダー</data><data name="size">2</data></data><data name="detail"></data></data></card><card location.name="table" location.x="0" location.y="0" posZ="0" state="0" rotate="0" owner="" zindex="0"><data name="card"><data name="image"><data type="image" name="imageIdentifier"></data><data type="image" name="front">d69503562820285a260f13449204567c20090371f6e8c697238eed0d1dd749f4</data><data type="image" name="back">d666ac27eaca4f938cf3a9d331a7209c1fff79709c68fc74d1360d0806f036a4</data></data><data name="common"><data name="name">肥料</data><data name="size">2</data></data><data name="detail"></data></data></card><card location.name="table" location.x="0" location.y="0" posZ="0" state="0" rotate="0" owner="" zindex="0"><data name="card"><data name="image"><data type="image" name="imageIdentifier"></data><data type="image" name="front">d69503562820285a260f13449204567c20090371f6e8c697238eed0d1dd749f4</data><data type="image" name="back">d666ac27eaca4f938cf3a9d331a7209c1fff79709c68fc74d1360d0806f036a4</data></data><data name="common"><data name="name">肥料</data><data name="size">2</data></data><data name="detail"></data></data></card><card location.name="table" location.x="0" location.y="0" posZ="0" state="0" rotate="0" owner="" zindex="0"><data name="card"><data name="image"><data type="image" name="imageIdentifier"></data><data type="image" name="front">d69503562820285a260f13449204567c20090371f6e8c697238eed0d1dd749f4</data><data type="image" name="back">d666ac27eaca4f938cf3a9d331a7209c1fff79709c68fc74d1360d0806f036a4</data></data><data name="common"><data name="name">肥料</data><data name="size">2</data></data><data name="detail"></data></data></card><card location.name="table" location.x="0" location.y="0" posZ="0" state="0" rotate="0" owner="" zindex="0"><data name="card"><data name="image"><data type="image" name="imageIdentifier"></data><data type="image" name="front">ea20d674e08a6132ca0ac8b934c53d882d289732a595896a9e1c75c7960fbd9d</data><data type="image" name="back">d666ac27eaca4f938cf3a9d331a7209c1fff79709c68fc74d1360d0806f036a4</data></data><data name="common"><data name="name">傲慢なエルフの商人</data><data name="size">2</data></data><data name="detail"></data></data></card><card location.name="table" location.x="0" location.y="0" posZ="0" state="0" rotate="0" owner="" zindex="0"><data name="card"><data name="image"><data type="image" name="imageIdentifier"></data><data type="image" name="front">ea20d674e08a6132ca0ac8b934c53d882d289732a595896a9e1c75c7960fbd9d</data><data type="image" name="back">d666ac27eaca4f938cf3a9d331a7209c1fff79709c68fc74d1360d0806f036a4</data></data><data name="common"><data name="name">傲慢なエルフの商人</data><data name="size">2</data></data><data name="detail"></data></data></card><card location.name="table" location.x="0" location.y="0" posZ="0" state="0" rotate="0" owner="" zindex="0"><data name="card"><data name="image"><data type="image" name="imageIdentifier"></data><data type="image" name="front">c493cf3f12045198882d5baa2cae47353fcf2de46148e8179bd996cd81b5df5d</data><data type="image" name="back">d666ac27eaca4f938cf3a9d331a7209c1fff79709c68fc74d1360d0806f036a4</data></data><data name="common"><data name="name">サバイバルテクニック</data><data name="size">2</data></data><data name="detail"></data></data></card><card location.name="table" location.x="0" location.y="0" posZ="0" state="0" rotate="0" owner="" zindex="0"><data name="card"><data name="image"><data type="image" name="imageIdentifier"></data><data type="image" name="front">c493cf3f12045198882d5baa2cae47353fcf2de46148e8179bd996cd81b5df5d</data><data type="image" name="back">d666ac27eaca4f938cf3a9d331a7209c1fff79709c68fc74d1360d0806f036a4</data></data><data name="common"><data name="name">サバイバルテクニック</data><data name="size">2</data></data><data name="detail"></data></data></card><card location.name="table" location.x="0" location.y="0" posZ="0" state="0" rotate="0" owner="" zindex="0"><data name="card"><data name="image"><data type="image" name="imageIdentifier"></data><data type="image" name="front">3ca0b5e454d327db6ca4bcda029409cf0b75ce372d3396654334fdae4ccb0542</data><data type="image" name="back">d666ac27eaca4f938cf3a9d331a7209c1fff79709c68fc74d1360d0806f036a4</data></data><data name="common"><data name="name">蹂躙</data><data name="size">2</data></data><data name="detail"></data></data></card><card location.name="table" location.x="0" location.y="0" posZ="0" state="0" rotate="0" owner="" zindex="0"><data name="card"><data name="image"><data type="image" name="imageIdentifier"></data><data type="image" name="front">3ca0b5e454d327db6ca4bcda029409cf0b75ce372d3396654334fdae4ccb0542</data><data type="image" name="back">d666ac27eaca4f938cf3a9d331a7209c1fff79709c68fc74d1360d0806f036a4</data></data><data name="common"><data name="name">蹂躙</data><data name="size">2</data></data><data name="detail"></data></data></card><card location.name="table" location.x="0" location.y="0" posZ="0" state="0" rotate="0" owner="" zindex="0"><data name="card"><data name="image"><data type="image" name="imageIdentifier"></data><data type="image" name="front">1cbc61918dff6e44aa1315e238dfad92958df5e681264fb8835e39549b04b303</data><data type="image" name="back">d666ac27eaca4f938cf3a9d331a7209c1fff79709c68fc74d1360d0806f036a4</data></data><data name="common"><data name="name">食虫植物</data><data name="size">2</data></data><data name="detail"></data></data></card><card location.name="table" location.x="0" location.y="0" posZ="0" state="0" rotate="0" owner="" zindex="0"><data name="card"><data name="image"><data type="image" name="imageIdentifier"></data><data type="image" name="front">1cbc61918dff6e44aa1315e238dfad92958df5e681264fb8835e39549b04b303</data><data type="image" name="back">d666ac27eaca4f938cf3a9d331a7209c1fff79709c68fc74d1360d0806f036a4</data></data><data name="common"><data name="name">食虫植物</data><data name="size">2</data></data><data name="detail"></data></data></card><card location.name="table" location.x="0" location.y="0" posZ="0" state="0" rotate="0" owner="" zindex="0"><data name="card"><data name="image"><data type="image" name="imageIdentifier"></data><data type="image" name="front">1cbc61918dff6e44aa1315e238dfad92958df5e681264fb8835e39549b04b303</data><data type="image" name="back">d666ac27eaca4f938cf3a9d331a7209c1fff79709c68fc74d1360d0806f036a4</data></data><data name="common"><data name="name">食虫植物</data><data name="size">2</data></data><data name="detail"></data></data></card><card location.name="table" location.x="0" location.y="0" posZ="0" state="0" rotate="0" owner="" zindex="0"><data name="card"><data name="image"><data type="image" name="imageIdentifier"></data><data type="image" name="front">1b61d0b5a69b775ae152f7c08a43620e08b7cccdf045f98a814435da832062ca</data><data type="image" name="back">d666ac27eaca4f938cf3a9d331a7209c1fff79709c68fc74d1360d0806f036a4</data></data><data name="common"><data name="name">知恵の実</data><data name="size">2</data></data><data name="detail"></data></data></card><card location.name="table" location.x="0" location.y="0" posZ="0" state="0" rotate="0" owner="" zindex="0"><data name="card"><data name="image"><data type="image" name="imageIdentifier"></data><data type="image" name="front">1b61d0b5a69b775ae152f7c08a43620e08b7cccdf045f98a814435da832062ca</data><data type="image" name="back">d666ac27eaca4f938cf3a9d331a7209c1fff79709c68fc74d1360d0806f036a4</data></data><data name="common"><data name="name">知恵の実</data><data name="size">2</data></data><data name="detail"></data></data></card><card location.name="table" location.x="0" location.y="0" posZ="0" state="0" rotate="0" owner="" zindex="0"><data name="card"><data name="image"><data type="image" name="imageIdentifier"></data><data type="image" name="front">1b61d0b5a69b775ae152f7c08a43620e08b7cccdf045f98a814435da832062ca</data><data type="image" name="back">d666ac27eaca4f938cf3a9d331a7209c1fff79709c68fc74d1360d0806f036a4</data></data><data name="common"><data name="name">知恵の実</data><data name="size">2</data></data><data name="detail"></data></data></card></node></card-stack>