<?xml version="1.0" encoding="UTF-8"?><card-stack location.name="table" location.x="0" location.y="0" posZ="0" rotate="0" zindex="0" owner="" isShowTotal="true"><data name="card-stack"><data name="image"><data type="image" name="imageIdentifier"></data></data><data name="common"><data name="name">はじめての青</data></data><data name="detail"></data></data><node name="cardRoot"><card location.name="table" location.x="0" location.y="0" posZ="0" state="0" rotate="0" owner="" zindex="0"><data name="card"><data name="image"><data type="image" name="imageIdentifier"></data><data type="image" name="front">d3586b60b76fb21622763761e85c57cf087a64ca131f5e2176a454bf8d6e4909</data><data type="image" name="back">d666ac27eaca4f938cf3a9d331a7209c1fff79709c68fc74d1360d0806f036a4</data></data><data name="common"><data name="name">ミジンコ兵長</data><data name="size">2</data></data><data name="detail"></data></data></card><card location.name="table" location.x="0" location.y="0" posZ="0" state="0" rotate="0" owner="" zindex="0"><data name="card"><data name="image"><data type="image" name="imageIdentifier"></data><data type="image" name="front">d3586b60b76fb21622763761e85c57cf087a64ca131f5e2176a454bf8d6e4909</data><data type="image" name="back">d666ac27eaca4f938cf3a9d331a7209c1fff79709c68fc74d1360d0806f036a4</data></data><data name="common"><data name="name">ミジンコ兵長</data><data name="size">2</data></data><data name="detail"></data></data></card><card location.name="table" location.x="0" location.y="0" posZ="0" state="0" rotate="0" owner="" zindex="0"><data name="card"><data name="image"><data type="image" name="imageIdentifier"></data><data type="image" name="front">d3586b60b76fb21622763761e85c57cf087a64ca131f5e2176a454bf8d6e4909</data><data type="image" name="back">d666ac27eaca4f938cf3a9d331a7209c1fff79709c68fc74d1360d0806f036a4</data></data><data name="common"><data name="name">ミジンコ兵長</data><data name="size">2</data></data><data name="detail"></data></data></card><card location.name="table" location.x="0" location.y="0" posZ="0" state="0" rotate="0" owner="" zindex="0"><data name="card"><data name="image"><data type="image" name="imageIdentifier"></data><data type="image" name="front">16a0ad0c48a7a8c020d35f310a6c1e267116b80f3abb03ee6579c8554e79a543</data><data type="image" name="back">d666ac27eaca4f938cf3a9d331a7209c1fff79709c68fc74d1360d0806f036a4</data></data><data name="common"><data name="name">ランドルトマシーン</data><data name="size">2</data></data><data name="detail"></data></data></card><card location.name="table" location.x="0" location.y="0" posZ="0" state="0" rotate="0" owner="" zindex="0"><data name="card"><data name="image"><data type="image" name="imageIdentifier"></data><data type="image" name="front">16a0ad0c48a7a8c020d35f310a6c1e267116b80f3abb03ee6579c8554e79a543</data><data type="image" name="back">d666ac27eaca4f938cf3a9d331a7209c1fff79709c68fc74d1360d0806f036a4</data></data><data name="common"><data name="name">ランドルトマシーン</data><data name="size">2</data></data><data name="detail"></data></data></card><card location.name="table" location.x="0" location.y="0" posZ="0" state="0" rotate="0" owner="" zindex="0"><data name="card"><data name="image"><data type="image" name="imageIdentifier"></data><data type="image" name="front">e05311a841ae6c4864240aacc7381cb065d206e2b5f52a05fdcea7e3874829fe</data><data type="image" name="back">d666ac27eaca4f938cf3a9d331a7209c1fff79709c68fc74d1360d0806f036a4</data></data><data name="common"><data name="name">機人ドーンバック</data><data name="size">2</data></data><data name="detail"></data></data></card><card location.name="table" location.x="0" location.y="0" posZ="0" state="0" rotate="0" owner="" zindex="0"><data name="card"><data name="image"><data type="image" name="imageIdentifier"></data><data type="image" name="front">e05311a841ae6c4864240aacc7381cb065d206e2b5f52a05fdcea7e3874829fe</data><data type="image" name="back">d666ac27eaca4f938cf3a9d331a7209c1fff79709c68fc74d1360d0806f036a4</data></data><data name="common"><data name="name">機人ドーンバック</data><data name="size">2</data></data><data name="detail"></data></data></card><card location.name="table" location.x="0" location.y="0" posZ="0" state="0" rotate="0" owner="" zindex="0"><data name="card"><data name="image"><data type="image" name="imageIdentifier"></data><data type="image" name="front">35eeccd093815f5160745d8f62597c7123bc7b5120fc4c8906a3edc2ab4c5244</data><data type="image" name="back">d666ac27eaca4f938cf3a9d331a7209c1fff79709c68fc74d1360d0806f036a4</data></data><data name="common"><data name="name">グール・ミドラ</data><data name="size">2</data></data><data name="detail"></data></data></card><card location.name="table" location.x="0" location.y="0" posZ="0" state="0" rotate="0" owner="" zindex="0"><data name="card"><data name="image"><data type="image" name="imageIdentifier"></data><data type="image" name="front">35eeccd093815f5160745d8f62597c7123bc7b5120fc4c8906a3edc2ab4c5244</data><data type="image" name="back">d666ac27eaca4f938cf3a9d331a7209c1fff79709c68fc74d1360d0806f036a4</data></data><data name="common"><data name="name">グール・ミドラ</data><data name="size">2</data></data><data name="detail"></data></data></card><card location.name="table" location.x="0" location.y="0" posZ="0" state="0" rotate="0" owner="" zindex="0"><data name="card"><data name="image"><data type="image" name="imageIdentifier"></data><data type="image" name="front">b07b9031d79eea39b014dd74d63670277d8d1e804d276482f3f36e6fdfb2a7dd</data><data type="image" name="back">d666ac27eaca4f938cf3a9d331a7209c1fff79709c68fc74d1360d0806f036a4</data></data><data name="common"><data name="name">豪怪獣・ヴァルドルフ</data><data name="size">2</data></data><data name="detail"></data></data></card><card location.name="table" location.x="0" location.y="0" posZ="0" state="0" rotate="0" owner="" zindex="0"><data name="card"><data name="image"><data type="image" name="imageIdentifier"></data><data type="image" name="front">83b5a2e5bd004d4c9a226cd3b450d7eea0cdd379d6850b61c0b4b499a4b8ad2b</data><data type="image" name="back">d666ac27eaca4f938cf3a9d331a7209c1fff79709c68fc74d1360d0806f036a4</data></data><data name="common"><data name="name">氷結</data><data name="size">2</data></data><data name="detail"></data></data></card><card location.name="table" location.x="0" location.y="0" posZ="0" state="0" rotate="0" owner="" zindex="0"><data name="card"><data name="image"><data type="image" name="imageIdentifier"></data><data type="image" name="front">83b5a2e5bd004d4c9a226cd3b450d7eea0cdd379d6850b61c0b4b499a4b8ad2b</data><data type="image" name="back">d666ac27eaca4f938cf3a9d331a7209c1fff79709c68fc74d1360d0806f036a4</data></data><data name="common"><data name="name">氷結</data><data name="size">2</data></data><data name="detail"></data></data></card><card location.name="table" location.x="0" location.y="0" posZ="0" state="0" rotate="0" owner="" zindex="0"><data name="card"><data name="image"><data type="image" name="imageIdentifier"></data><data type="image" name="front">83b5a2e5bd004d4c9a226cd3b450d7eea0cdd379d6850b61c0b4b499a4b8ad2b</data><data type="image" name="back">d666ac27eaca4f938cf3a9d331a7209c1fff79709c68fc74d1360d0806f036a4</data></data><data name="common"><data name="name">氷結</data><data name="size">2</data></data><data name="detail"></data></data></card><card location.name="table" location.x="0" location.y="0" posZ="0" state="0" rotate="0" owner="" zindex="0"><data name="card"><data name="image"><data type="image" name="imageIdentifier"></data><data type="image" name="front">ab7cc8e333cab5b5aafc3b41ba82a56c88c2f03991a641e70cb073c004fd8a2f</data><data type="image" name="back">d666ac27eaca4f938cf3a9d331a7209c1fff79709c68fc74d1360d0806f036a4</data></data><data name="common"><data name="name">コストダウン</data><data name="size">2</data></data><data name="detail"></data></data></card><card location.name="table" location.x="0" location.y="0" posZ="0" state="0" rotate="0" owner="" zindex="0"><data name="card"><data name="image"><data type="image" name="imageIdentifier"></data><data type="image" name="front">ab7cc8e333cab5b5aafc3b41ba82a56c88c2f03991a641e70cb073c004fd8a2f</data><data type="image" name="back">d666ac27eaca4f938cf3a9d331a7209c1fff79709c68fc74d1360d0806f036a4</data></data><data name="common"><data name="name">コストダウン</data><data name="size">2</data></data><data name="detail"></data></data></card><card location.name="table" location.x="0" location.y="0" posZ="0" state="0" rotate="0" owner="" zindex="0"><data name="card"><data name="image"><data type="image" name="imageIdentifier"></data><data type="image" name="front">d7e6c0a6a0ec34da40195ab65cfe2513f564eda701a556f11c07a02d53b50508</data><data type="image" name="back">d666ac27eaca4f938cf3a9d331a7209c1fff79709c68fc74d1360d0806f036a4</data></data><data name="common"><data name="name">リサイクル</data><data name="size">2</data></data><data name="detail"></data></data></card><card location.name="table" location.x="0" location.y="0" posZ="0" state="0" rotate="0" owner="" zindex="0"><data name="card"><data name="image"><data type="image" name="imageIdentifier"></data><data type="image" name="front">d7e6c0a6a0ec34da40195ab65cfe2513f564eda701a556f11c07a02d53b50508</data><data type="image" name="back">d666ac27eaca4f938cf3a9d331a7209c1fff79709c68fc74d1360d0806f036a4</data></data><data name="common"><data name="name">リサイクル</data><data name="size">2</data></data><data name="detail"></data></data></card><card location.name="table" location.x="0" location.y="0" posZ="0" state="0" rotate="0" owner="" zindex="0"><data name="card"><data name="image"><data type="image" name="imageIdentifier"></data><data type="image" name="front">d7e6c0a6a0ec34da40195ab65cfe2513f564eda701a556f11c07a02d53b50508</data><data type="image" name="back">d666ac27eaca4f938cf3a9d331a7209c1fff79709c68fc74d1360d0806f036a4</data></data><data name="common"><data name="name">リサイクル</data><data name="size">2</data></data><data name="detail"></data></data></card><card location.name="table" location.x="0" location.y="0" posZ="0" state="0" rotate="0" owner="" zindex="0"><data name="card"><data name="image"><data type="image" name="imageIdentifier"></data><data type="image" name="front">d7e6c0a6a0ec34da40195ab65cfe2513f564eda701a556f11c07a02d53b50508</data><data type="image" name="back">d666ac27eaca4f938cf3a9d331a7209c1fff79709c68fc74d1360d0806f036a4</data></data><data name="common"><data name="name">リサイクル</data><data name="size">2</data></data><data name="detail"></data></data></card><card location.name="table" location.x="0" location.y="0" posZ="0" state="0" rotate="0" owner="" zindex="0"><data name="card"><data name="image"><data type="image" name="imageIdentifier"></data><data type="image" name="front">52a991ade6c5a20d81139ce20968e6431daef24dd64e2deaa637f6bc1d2812f4</data><data type="image" name="back">d666ac27eaca4f938cf3a9d331a7209c1fff79709c68fc74d1360d0806f036a4</data></data><data name="common"><data name="name">不自由な取り引き</data><data name="size">2</data></data><data name="detail"></data></data></card><card location.name="table" location.x="0" location.y="0" posZ="0" state="0" rotate="0" owner="" zindex="0"><data name="card"><data name="image"><data type="image" name="imageIdentifier"></data><data type="image" name="front">84c59c76357ceeca71a63da07236040ba82840ef33be73ae7fb11b1ff0d2549d</data><data type="image" name="back">d666ac27eaca4f938cf3a9d331a7209c1fff79709c68fc74d1360d0806f036a4</data></data><data name="common"><data name="name">タネなし手品</data><data name="size">2</data></data><data name="detail"></data></data></card><card location.name="table" location.x="0" location.y="0" posZ="0" state="0" rotate="0" owner="" zindex="0"><data name="card"><data name="image"><data type="image" name="imageIdentifier"></data><data type="image" name="front">84c59c76357ceeca71a63da07236040ba82840ef33be73ae7fb11b1ff0d2549d</data><data type="image" name="back">d666ac27eaca4f938cf3a9d331a7209c1fff79709c68fc74d1360d0806f036a4</data></data><data name="common"><data name="name">タネなし手品</data><data name="size">2</data></data><data name="detail"></data></data></card><card location.name="table" location.x="0" location.y="0" posZ="0" state="0" rotate="0" owner="" zindex="0"><data name="card"><data name="image"><data type="image" name="imageIdentifier"></data><data type="image" name="front">f0cfaf38a40e8f70d38b24bd7dbcb94eb84de784174394791d7ed808df93a4db</data><data type="image" name="back">d666ac27eaca4f938cf3a9d331a7209c1fff79709c68fc74d1360d0806f036a4</data></data><data name="common"><data name="name">取り消し</data><data name="size">2</data></data><data name="detail"></data></data></card><card location.name="table" location.x="0" location.y="0" posZ="0" state="0" rotate="0" owner="" zindex="0"><data name="card"><data name="image"><data type="image" name="imageIdentifier"></data><data type="image" name="front">f0cfaf38a40e8f70d38b24bd7dbcb94eb84de784174394791d7ed808df93a4db</data><data type="image" name="back">d666ac27eaca4f938cf3a9d331a7209c1fff79709c68fc74d1360d0806f036a4</data></data><data name="common"><data name="name">取り消し</data><data name="size">2</data></data><data name="detail"></data></data></card><card location.name="table" location.x="0" location.y="0" posZ="0" state="0" rotate="0" owner="" zindex="0"><data name="card"><data name="image"><data type="image" name="imageIdentifier"></data><data type="image" name="front">f0cfaf38a40e8f70d38b24bd7dbcb94eb84de784174394791d7ed808df93a4db</data><data type="image" name="back">d666ac27eaca4f938cf3a9d331a7209c1fff79709c68fc74d1360d0806f036a4</data></data><data name="common"><data name="name">取り消し</data><data name="size">2</data></data><data name="detail"></data></data></card><card location.name="table" location.x="0" location.y="0" posZ="0" state="0" rotate="0" owner="" zindex="0"><data name="card"><data name="image"><data type="image" name="imageIdentifier"></data><data type="image" name="front">199397826f352173cc53d957ae4819da7bcc140e8ffb9871d0f9d500926c5c10</data><data type="image" name="back">d666ac27eaca4f938cf3a9d331a7209c1fff79709c68fc74d1360d0806f036a4</data></data><data name="common"><data name="name">リインカーネーション</data><data name="size">2</data></data><data name="detail"></data></data></card><card location.name="table" location.x="0" location.y="0" posZ="0" state="0" rotate="0" owner="" zindex="0"><data name="card"><data name="image"><data type="image" name="imageIdentifier"></data><data type="image" name="front">199397826f352173cc53d957ae4819da7bcc140e8ffb9871d0f9d500926c5c10</data><data type="image" name="back">d666ac27eaca4f938cf3a9d331a7209c1fff79709c68fc74d1360d0806f036a4</data></data><data name="common"><data name="name">リインカーネーション</data><data name="size">2</data></data><data name="detail"></data></data></card><card location.name="table" location.x="0" location.y="0" posZ="0" state="0" rotate="0" owner="" zindex="0"><data name="card"><data name="image"><data type="image" name="imageIdentifier"></data><data type="image" name="front">199397826f352173cc53d957ae4819da7bcc140e8ffb9871d0f9d500926c5c10</data><data type="image" name="back">d666ac27eaca4f938cf3a9d331a7209c1fff79709c68fc74d1360d0806f036a4</data></data><data name="common"><data name="name">リインカーネーション</data><data name="size">2</data></data><data name="detail"></data></data></card><card location.name="table" location.x="0" location.y="0" posZ="0" state="0" rotate="0" owner="" zindex="0"><data name="card"><data name="image"><data type="image" name="imageIdentifier"></data><data type="image" name="front">9a633842d1089e5ab2e66364ff686a5c4a7913a0dc5140d08ad01fa9c6719f4b</data><data type="image" name="back">d666ac27eaca4f938cf3a9d331a7209c1fff79709c68fc74d1360d0806f036a4</data></data><data name="common"><data name="name">情報工作</data><data name="size">2</data></data><data name="detail"></data></data></card><card location.name="table" location.x="0" location.y="0" posZ="0" state="0" rotate="0" owner="" zindex="0"><data name="card"><data name="image"><data type="image" name="imageIdentifier"></data><data type="image" name="front">8bb4fa03a1f2a7126c39bc994b4317c77a603ed9e5e5ce7defd4ec3819f0f3a0</data><data type="image" name="back">d666ac27eaca4f938cf3a9d331a7209c1fff79709c68fc74d1360d0806f036a4</data></data><data name="common"><data name="name">大津波</data><data name="size">2</data></data><data name="detail"></data></data></card></node></card-stack>